-- 1. 사용자 더미데이터
INSERT INTO mydb.users (USER_ID, EMAIL, NAME, PASSWORD) VALUES ('user01', 'kim@test.com', '김철수', 'pass123');
INSERT INTO mydb.users (USER_ID, EMAIL, NAME, PASSWORD) VALUES ('user02', 'lee@test.com', '이영희', 'pass456');
INSERT INTO mydb.users (USER_ID, EMAIL, NAME, PASSWORD) VALUES ('user03', 'park@test.com', '박민수', 'pass789');
INSERT INTO mydb.users (USER_ID, EMAIL, NAME, PASSWORD) VALUES ('user04', 'choi@test.com', '최지우', 'pass012');
INSERT INTO mydb.users (USER_ID, EMAIL, NAME, PASSWORD) VALUES ('user05', 'jung@test.com', '정본좌', 'pass345');
INSERT INTO mydb.users (USER_ID, EMAIL, NAME, PASSWORD) VALUES ('user06', 'kang@test.com', '강백호', 'pass678');
INSERT INTO mydb.users (USER_ID, EMAIL, NAME, PASSWORD) VALUES ('user07', 'cho@test.com', '조세호', 'pass901');
INSERT INTO mydb.users (USER_ID, EMAIL, NAME, PASSWORD) VALUES ('user08', '윤@test.com', '윤아라', 'pass234');
INSERT INTO mydb.users (USER_ID, EMAIL, NAME, PASSWORD) VALUES ('user09', '장@test.com', '장동건', 'pass567');
INSERT INTO mydb.users (USER_ID, EMAIL, NAME, PASSWORD) VALUES ('user10', '임@test.com', '임나나', 'pass890');

-- LEISURE (1~20)
INSERT INTO mydb.place VALUES ('1', '북한산 자락길', '서울특별시 서대문구 홍은동', NULL, '126.9429290191', '37.5948003229', 'http://tong.visitkorea.or.kr/cms/resource/43/2405143_image2_1.jpg', 0, 'LEISURE', 'LS', 'LS01', 'LS011900');
INSERT INTO mydb.place VALUES ('2', '여의나루역 러너스테이션', '서울특별시 영등포구 여의동로 350 (여의도동)', NULL, '126.9316013762', '37.5282689639', 'http://tong.visitkorea.or.kr/cms/resource/04/3413104_image2_1.png', 0, 'LEISURE', 'VE', 'VE10', 'VE100200');
INSERT INTO mydb.place VALUES ('3', '사당청소년센터', '서울특별시 동작구 사당로23길 57-7 (사당동)', NULL, '126.9757430085', '37.4854386174', 'http://tong.visitkorea.or.kr/cms/resource/45/2958145_image2_1.jpg', 0, 'LEISURE', 'VE', 'VE10', 'VE100200');
INSERT INTO mydb.place VALUES ('4', '노을캠핑장(서울)', '서울특별시 마포구 하늘공원로 108-1 (상암동)', NULL, '126.8786300417', '37.5695215557', 'http://tong.visitkorea.or.kr/cms/resource/81/3564781_image2_1.jpg', 0, 'LEISURE', 'AC', 'AC05', 'AC050100');
INSERT INTO mydb.place VALUES ('5', '서울청소년수련관', '서울특별시 중구 을지로11길 23 (수표동)', NULL, '126.9905726704', '37.5675210155', 'http://tong.visitkorea.or.kr/cms/resource/98/3568498_image2_1.jpg', 0, 'LEISURE', 'VE', 'VE10', 'VE100200');
INSERT INTO mydb.place VALUES ('6', '장충체육관', '서울특별시 중구 동호로 241', NULL, '127.0068047884', '37.5582390522', 'http://tong.visitkorea.or.kr/cms/resource/06/3083906_image2_1.JPG', 0, 'LEISURE', 'VE', 'VE10', 'VE100100');
INSERT INTO mydb.place VALUES ('7', '목동종합운동장', '서울특별시 양천구 안양천로 939', NULL, '126.8819114075', '37.5301456356', 'http://tong.visitkorea.or.kr/cms/resource/04/3466104_image2_1.jpg', 0, 'LEISURE', 'VE', 'VE10', 'VE100100');
INSERT INTO mydb.place VALUES ('8', '한강시민공원 여의도수영장(실외)', '서울특별시 영등포구 여의동로 330 (여의도동)', NULL, '126.9336123570', '37.5263886632', 'http://tong.visitkorea.or.kr/cms/resource/63/3557763_image2_1.jpg', 0, 'LEISURE', 'LS', 'LS02', 'LS020700');
INSERT INTO mydb.place VALUES ('9', '롤파크', '서울특별시 종로구 종로 33', '그랑서울 타워[1] 3층 롤파크', '126.9814539585', '37.5710121125', 'http://tong.visitkorea.or.kr/cms/resource/30/3454730_image2_1.JPG', 0, 'LEISURE', 'VE', 'VE10', 'VE100100');
INSERT INTO mydb.place VALUES ('10', '골든블루마리나', '서울특별시 서초구 올림픽대로 2085-14', NULL, '126.9959959554', '37.5125052818', 'http://tong.visitkorea.or.kr/cms/resource/00/2647700_image2_1.jpg', 0, 'LEISURE', 'LS', 'LS02', 'LS020300');
INSERT INTO mydb.place VALUES ('11', '리버시티수상스키장', '서울특별시 강남구 압구정로11길 37-53 (압구정동)', '한강시민공원 내 잠원1지구', '127.0191711533', '37.5291121024', NULL, 0, 'LEISURE', 'LS', 'LS02', 'LS020100');
INSERT INTO mydb.place VALUES ('12', '여의도 둘레길(여의도 자전거도로)', '서울특별시 영등포구 여의동로 330', NULL, '126.9336123570', '37.5263886632', 'http://tong.visitkorea.or.kr/cms/resource/87/3551287_image2_1.jpg', 0, 'LEISURE', 'LS', 'LS01', 'LS010200');
INSERT INTO mydb.place VALUES ('13', '서울시립보라매청소년센터', '서울특별시 동작구 여의대방로20길 61 (신대방동)', NULL, '126.9215449274', '37.4938977769', 'http://tong.visitkorea.or.kr/cms/resource/92/3535092_image2_1.jpg', 0, 'LEISURE', 'VE', 'VE10', 'VE100200');
INSERT INTO mydb.place VALUES ('14', '광운대학교 아이스링크', '서울특별시 노원구 광운로 20 (월계동)', NULL, '127.0581344826', '37.6194328627', NULL, 0, 'LEISURE', 'LS', 'LS01', 'LS010900');
INSERT INTO mydb.place VALUES ('15', '송정제방길', '서울특별시 성동구 송정동', NULL, '127.0650163736', '37.5504521150', NULL, 0, 'LEISURE', 'LS', 'LS01', 'LS011900');
INSERT INTO mydb.place VALUES ('16', '[충효길코스 1코스] 고구동산길', '서울특별시 동작구 본동', NULL, '126.9539136647', '37.5129516983', 'http://tong.visitkorea.or.kr/cms/resource/59/2677059_image2_1.jpg', 0, 'LEISURE', 'LS', 'LS01', 'LS011900');
INSERT INTO mydb.place VALUES ('17', '슈터스클럽', '서울특별시 강남구 강남대로96길 5 (역삼동)', NULL, '127.0274684477', '37.4998739801', NULL, 0, 'LEISURE', 'LS', 'LS01', 'LS011200');
INSERT INTO mydb.place VALUES ('18', '세븐럭카지노(강남코엑스점)', '서울특별시 강남구 테헤란로87길 58 (삼성동)', NULL, '127.0575320333', '37.5120258870', 'http://tong.visitkorea.or.kr/cms/resource/45/2996845_image2_1.jpg', 0, 'LEISURE', 'VE', 'VE12', 'VE120200');
INSERT INTO mydb.place VALUES ('19', '[북한산 둘레길 10구간] 내시묘역길', '서울특별시 은평구 진관동', '(방패교육대 앞~효자동공설묘지)', '126.9382140738', '37.6472524711', 'http://tong.visitkorea.or.kr/cms/resource/22/3511822_image2_1.jpg', 0, 'LEISURE', 'LS', 'LS01', 'LS011900');
INSERT INTO mydb.place VALUES ('20', '난지캠핑장', '서울특별시 마포구 한강난지로 28 (상암동)', NULL, '126.8726055709', '37.5702380314', 'http://tong.visitkorea.or.kr/cms/resource/70/2750970_image2_1.jpg', 0, 'LEISURE', 'AC', 'AC05', 'AC050100');

-- RESTAURANT (21~40)
INSERT INTO mydb.place VALUES ('21', '다래함박스텍', '서울특별시 강북구 수유로 20-2 (수유동)', NULL, '127.0190571087', '37.6328278234', NULL, 0, 'RESTAURANT', 'FD', 'FD02', 'FD020300');
INSERT INTO mydb.place VALUES ('22', '강남목장', '서울특별시 강남구 논현로86길 34', NULL, '127.0402783799', '37.5003213806', NULL, 0, 'RESTAURANT', 'FD', 'FD01', 'FD010100');
INSERT INTO mydb.place VALUES ('23', '금돼지식당', '서울특별시 중구 다산로 149 (신당동)', NULL, '127.0116932624', '37.5571475999', 'http://tong.visitkorea.or.kr/cms/resource/68/3591068_image2_1.jpg', 0, 'RESTAURANT', 'FD', 'FD01', 'FD010100');
INSERT INTO mydb.place VALUES ('24', '만리지화 본점', '서울특별시 종로구 종로3길 17 (청진동)', NULL, '126.9789291877', '37.5710481741', 'http://tong.visitkorea.or.kr/cms/resource/26/3570626_image2_1.jpg', 0, 'RESTAURANT', 'FD', 'FD01', 'FD010100');
INSERT INTO mydb.place VALUES ('25', '뉴웨이브서울', '서울특별시 광진구 아차산로33길 28-10', NULL, '127.0707994273', '37.5417615617', NULL, 0, 'RESTAURANT', 'FD', 'FD02', 'FD020300');
INSERT INTO mydb.place VALUES ('26', '멕시칼리', '서울특별시 광진구 천호대로 634 (능동)', NULL, '127.0875725621', '37.5536521491', NULL, 0, 'RESTAURANT', 'FD', 'FD02', 'FD020300');
INSERT INTO mydb.place VALUES ('27', '라 쿠치나', '서울특별시 용산구 회나무로44길 10 라쿠치나', NULL, '126.9964728955', '37.5406020271', NULL, 0, 'RESTAURANT', 'FD', 'FD02', 'FD020300');
INSERT INTO mydb.place VALUES ('28', '기와', '서울특별시 용산구 한강대로21나길 40 (한강로3가)', NULL, '126.9640706549', '37.5277557163', NULL, 0, 'RESTAURANT', 'FD', 'FD01', 'FD010100');
INSERT INTO mydb.place VALUES ('29', '도원스타일', '서울특별시 강남구 압구정로 165', NULL, '127.0274843337', '37.5274180039', NULL, 0, 'RESTAURANT', 'FD', 'FD02', 'FD020100');
INSERT INTO mydb.place VALUES ('30', '텅앤그루브조인트', '서울특별시 용산구 보광로60길 7', '1층', '126.9945371451', '37.5340749723', NULL, 0, 'RESTAURANT', 'FD', 'FD01', 'FD010100');
INSERT INTO mydb.place VALUES ('31', '그릭조이', '서울특별시 마포구 성지1길 6', NULL, '126.9137746590', '37.5482552117', NULL, 0, 'RESTAURANT', 'FD', 'FD02', 'FD020300');
INSERT INTO mydb.place VALUES ('32', '옛날중국집', '서울특별시 성북구 성북로8길 8 (성북동)', NULL, '127.0043929714', '37.5908768819', NULL, 0, 'RESTAURANT', 'FD', 'FD02', 'FD020100');
INSERT INTO mydb.place VALUES ('33', '성수노루', '서울특별시 성동구 아차산로 110 (성수동2가)', NULL, '127.0561729109', '37.5442415655', 'http://tong.visitkorea.or.kr/cms/resource/27/3486627_image2_1.jpg', 0, 'RESTAURANT', 'FD', 'FD01', 'FD010100');
INSERT INTO mydb.place VALUES ('34', '진돈부리', '서울특별시 서대문구 대현동 104-36', NULL, '126.9423134759', '37.5570519223', NULL, 0, 'RESTAURANT', 'FD', 'FD02', 'FD020200');
INSERT INTO mydb.place VALUES ('35', '오만지아', '서울특별시 용산구 유엔빌리지길 14 (한남동)', NULL, '127.0098635282', '37.5340335862', 'http://tong.visitkorea.or.kr/cms/resource/89/2789789_image2_1.jpg', 0, 'RESTAURANT', 'FD', 'FD02', 'FD020300');
INSERT INTO mydb.place VALUES ('36', '우래옥', '서울특별시 중구 창경궁로 62-29', NULL, '126.9986941331', '37.5682210801', 'http://tong.visitkorea.or.kr/cms/resource/22/3589222_image2_1.jpg', 0, 'RESTAURANT', 'FD', 'FD01', 'FD010100');
INSERT INTO mydb.place VALUES ('37', '성북동 구포국수', '서울특별시 성북구 성북로12길 2', NULL, '127.0026875180', '37.5927405238', NULL, 0, 'RESTAURANT', 'FD', 'FD01', 'FD010100');
INSERT INTO mydb.place VALUES ('38', '청아라 생선구이', '서울특별시 마포구 망원로 52', NULL, '126.9026004376', '37.5567706887', NULL, 0, 'RESTAURANT', 'FD', 'FD01', 'FD010100');
INSERT INTO mydb.place VALUES ('39', '마리오네', '서울특별시 성동구 성수이로12길 15', NULL, '127.0569229685', '37.5397948735', NULL, 0, 'RESTAURANT', 'FD', 'FD02', 'FD020300');
INSERT INTO mydb.place VALUES ('40', '꼬숑돈까스', '서울특별시 서대문구 명물1길 2', NULL, '126.9373722395', '37.5577739722', NULL, 0, 'RESTAURANT', 'FD', 'FD02', 'FD020200');

-- STAY (41~60)
INSERT INTO mydb.place VALUES ('41', '롯데시티호텔 마포', '서울특별시 마포구 마포대로 109', NULL, '126.9512685547', '37.5450590314', 'http://tong.visitkorea.or.kr/cms/resource/21/3592521_image2_1.jpg', 0, 'STAY', 'AC', 'AC01', 'AC010100');
INSERT INTO mydb.place VALUES ('42', '롯데시티호텔 명동', '서울특별시 중구 삼일대로 362', NULL, '126.9880590273', '37.5669377042', 'http://tong.visitkorea.or.kr/cms/resource/66/2504466_image2_1.jpg', 0, 'STAY', 'AC', 'AC01', 'AC010100');
INSERT INTO mydb.place VALUES ('43', '임피리얼 팰리스 부티크 호텔', '서울특별시 용산구 이태원로 221', '임피리얼 팰리스 부티크 호텔', '126.9982451030', '37.5354165502', 'http://tong.visitkorea.or.kr/cms/resource/74/3592274_image2_1.jpg', 0, 'STAY', 'AC', 'AC01', 'AC010100');
INSERT INTO mydb.place VALUES ('44', '롯데호텔 L7 강남', '서울특별시 강남구 테헤란로 415', NULL, '127.0516660784', '37.5057681749', 'http://tong.visitkorea.or.kr/cms/resource/97/2548197_image2_1.jpg', 0, 'STAY', 'AC', 'AC01', 'AC010100');
INSERT INTO mydb.place VALUES ('45', '호텔 마누', '서울특별시 중구 퇴계로 19', NULL, '126.9748882818', '37.5571913788', 'http://tong.visitkorea.or.kr/cms/resource/47/3592047_image2_1.jpg', 0, 'STAY', 'AC', 'AC01', 'AC010100');
INSERT INTO mydb.place VALUES ('46', '힐하우스 호텔', '서울특별시 중구 소공로3길 42', '언덕의집', '126.9819876430', '37.5568915410', 'http://tong.visitkorea.or.kr/cms/resource/84/3010284_image2_1.jpg', 0, 'STAY', 'AC', 'AC01', 'AC010100');
INSERT INTO mydb.place VALUES ('47', '복합한옥공간 곳', '서울특별시 종로구 계동길 52-11 (계동)', NULL, '126.9873670606', '37.5797528699', 'http://tong.visitkorea.or.kr/cms/resource/68/2631068_image2_1.jpg', 0, 'STAY', 'AC', 'AC03', 'AC030200');
INSERT INTO mydb.place VALUES ('48', '노보텔 앰배서더 서울 강남', '서울특별시 강남구 봉은사로 130 (역삼동)', NULL, '127.0289098282', '37.5053372605', 'http://tong.visitkorea.or.kr/cms/resource/27/3534327_image2_1.jpg', 0, 'STAY', 'AC', 'AC01', 'AC010100');
INSERT INTO mydb.place VALUES ('49', '반얀트리 클럽 앤 스파 서울', '서울특별시 중구 장충단로 60', NULL, '127.0005250345', '37.5501287700', 'http://tong.visitkorea.or.kr/cms/resource/65/2719665_image2_1.jpg', 0, 'STAY', 'AC', 'AC01', 'AC010100');
INSERT INTO mydb.place VALUES ('50', '그랜드 인터컨티넨탈 서울 파르나스', '서울특별시 강남구 테헤란로 521', NULL, '127.0608845757', '37.5095984514', 'http://tong.visitkorea.or.kr/cms/resource/45/2705645_image2_1.jpg', 0, 'STAY', 'AC', 'AC01', 'AC010100');
INSERT INTO mydb.place VALUES ('51', '스위스 그랜드 호텔', '서울특별시 서대문구 연희로 353 (홍은동)', NULL, '126.9357881816', '37.5885203694', 'http://tong.visitkorea.or.kr/cms/resource/89/3534089_image2_1.jpg', 0, 'STAY', 'AC', 'AC01', 'AC010100');
INSERT INTO mydb.place VALUES ('52', '롯데호텔 L7 명동', '서울특별시 중구 퇴계로 137', NULL, '126.9848482845', '37.5642712902', 'http://tong.visitkorea.or.kr/cms/resource/48/2504448_image2_1.jpg', 0, 'STAY', 'AC', 'AC01', 'AC010100');
INSERT INTO mydb.place VALUES ('53', '파크 하얏트 서울', '서울특별시 강남구 테헤란로 606 (대치동)', NULL, '127.0641481896', '37.5088208229', 'http://tong.visitkorea.or.kr/cms/resource/51/2589051_image2_1.jpg', 0, 'STAY', 'AC', 'AC01', 'AC010100');
INSERT INTO mydb.place VALUES ('54', '오크우드 프리미어 코엑스 센터', '서울특별시 강남구 테헤란로87길 46 (삼성동)', NULL, '127.0582208886', '37.5110343480', 'http://tong.visitkorea.or.kr/cms/resource/46/3572546_image2_1.jpg', 0, 'STAY', 'AC', 'AC01', 'AC010100');
INSERT INTO mydb.place VALUES ('55', '써미트 호텔 서울', '서울특별시 중구 장충단로 198', NULL, '127.0068407802', '37.5623052464', 'http://tong.visitkorea.or.kr/cms/resource/79/3572479_image2_1.jpg', 0, 'STAY', 'AC', 'AC01', 'AC010100');
INSERT INTO mydb.place VALUES ('56', '에이치에비뉴 건대점', '서울특별시 광진구 동일로 156 (화양동)', NULL, '127.0665830214', '37.5460887604', 'http://tong.visitkorea.or.kr/cms/resource/42/3091242_image2_1.JPG', 0, 'STAY', 'AC', 'AC01', 'AC010100');
INSERT INTO mydb.place VALUES ('57', '호텔로프트', '서울특별시 영등포구 선유동2로 72 (당산동5가)', NULL, '126.8987486333', '37.5347009629', 'http://tong.visitkorea.or.kr/cms/resource/86/3084586_image2_1.JPG', 0, 'STAY', 'AC', 'AC01', 'AC010100');
INSERT INTO mydb.place VALUES ('58', '호텔디아티스트 연신내점', '서울특별시 은평구 통일로 891 (갈현동)', NULL, '126.9194498193', '37.6225494527', 'http://tong.visitkorea.or.kr/cms/resource/02/3084602_image2_1.JPG', 0, 'STAY', 'AC', 'AC01', 'AC010100');
INSERT INTO mydb.place VALUES ('59', '토요코인호텔 강남', '서울특별시 서초구 강남대로 323 (서초동)', NULL, '127.0299906645', '37.4919277261', 'http://tong.visitkorea.or.kr/cms/resource/54/3084354_image2_1.JPG', 0, 'STAY', 'AC', 'AC01', 'AC010100');
INSERT INTO mydb.place VALUES ('60', '오리엔스호텔&레지던스', '서울특별시 중구 삼일대로2길 50 (예장동)', NULL, '126.9911422728', '37.5601413273', 'http://tong.visitkorea.or.kr/cms/resource/47/3079547_image2_1.jpg', 0, 'STAY', 'AC', 'AC01', 'AC010100');

SELECT * FROM mydb.place;

-- 6. 내 일정 (MY_SCHEDULE)
INSERT INTO mydb.my_schedule (MY_SCHEDULE_ID, TITLE, START_AT, USER_ID, IS_SHARED) VALUES (CONCAT('SCH', LPAD(NEXT VALUE FOR seq_my_schedule, 3, '0')), '서대문구 숲세권 힐링 산책', '2026-05-10', 'user01', 1);
INSERT INTO mydb.my_schedule (MY_SCHEDULE_ID, TITLE, START_AT, USER_ID, IS_SHARED) VALUES (CONCAT('SCH', LPAD(NEXT VALUE FOR seq_my_schedule, 3, '0')), '여의도 한강 러닝과 마포 미식', '2026-05-15', 'user01', 0);
INSERT INTO mydb.my_schedule (MY_SCHEDULE_ID, TITLE, START_AT, USER_ID, IS_SHARED) VALUES (CONCAT('SCH', LPAD(NEXT VALUE FOR seq_my_schedule, 3, '0')), '종로 E-스포츠 직관과 명동 나들이', '2026-06-01', 'user02', 1);
INSERT INTO mydb.my_schedule (MY_SCHEDULE_ID, TITLE, START_AT, USER_ID, IS_SHARED) VALUES (CONCAT('SCH', LPAD(NEXT VALUE FOR seq_my_schedule, 3, '0')), '상암 노을 캠핑과 감성 호텔 휴식', '2026-07-20', 'user03', 0);
INSERT INTO mydb.my_schedule (MY_SCHEDULE_ID, TITLE, START_AT, USER_ID, IS_SHARED) VALUES (CONCAT('SCH', LPAD(NEXT VALUE FOR seq_my_schedule, 3, '0')), '압구정 수상레저와 럭셔리 호캉스', '2026-08-15', 'user04', 1);
INSERT INTO mydb.my_schedule (MY_SCHEDULE_ID, TITLE, START_AT, USER_ID, IS_SHARED) VALUES (CONCAT('SCH', LPAD(NEXT VALUE FOR seq_my_schedule, 3, '0')), '동작구 액티비티와 가성비 투어', '2026-05-20', 'user05', 0);
INSERT INTO mydb.my_schedule (MY_SCHEDULE_ID, TITLE, START_AT, USER_ID, IS_SHARED) VALUES (CONCAT('SCH', LPAD(NEXT VALUE FOR seq_my_schedule, 3, '0')), '이태원 프리미엄 고기 파티와 스테이', '2026-06-15', 'user06', 1);
INSERT INTO mydb.my_schedule (MY_SCHEDULE_ID, TITLE, START_AT, USER_ID, IS_SHARED) VALUES (CONCAT('SCH', LPAD(NEXT VALUE FOR seq_my_schedule, 3, '0')), '스포츠 직관 후 잠실 벚꽃 나들이', '2026-04-12', 'user07', 0);
INSERT INTO mydb.my_schedule (MY_SCHEDULE_ID, TITLE, START_AT, USER_ID, IS_SHARED) VALUES (CONCAT('SCH', LPAD(NEXT VALUE FOR seq_my_schedule, 3, '0')), '성수/건대 멕시코 요리와 쇼핑', '2026-07-05', 'user08', 1);
INSERT INTO mydb.my_schedule (MY_SCHEDULE_ID, TITLE, START_AT, USER_ID, IS_SHARED) VALUES (CONCAT('SCH', LPAD(NEXT VALUE FOR seq_my_schedule, 3, '0')), '남산 야경과 함께하는 평양냉면 투어', NOW(), 'user09', 1);

-- 7. 일정 게시물 (SCHEDULE_POST)
INSERT INTO mydb.schedule_post (POST_ID, TITLE, LIKE_COUNT, BUDGET_DETAILS, TODO_DETAILS, VIEW_COUNT, POSTED_AT, IS_ANONYMOUS, USER_ID) VALUES (CONCAT('P', LPAD(NEXT VALUE FOR seq_schedule_post, 3, '0')), '서울 도심 속 숲세권, 북한산 자락길 힐링 투어', 45, '15만원', '북한산 산책 후 함박스테이크 맛집 방문', 320, NOW(), 0, 'user01');
INSERT INTO mydb.schedule_post (POST_ID, TITLE, LIKE_COUNT, BUDGET_DETAILS, TODO_DETAILS, VIEW_COUNT, POSTED_AT, IS_ANONYMOUS, USER_ID) VALUES (CONCAT('P', LPAD(NEXT VALUE FOR seq_schedule_post, 3, '0')), '러너들의 성지! 여의도 한강 러닝과 고기 파티', 82, '10만원', '러너스테이션 체험 및 여의도 맛집 탐방', 540, NOW(), 0, 'user01');
INSERT INTO mydb.schedule_post (POST_ID, TITLE, LIKE_COUNT, BUDGET_DETAILS, TODO_DETAILS, VIEW_COUNT, POSTED_AT, IS_ANONYMOUS, USER_ID) VALUES (CONCAT('P', LPAD(NEXT VALUE FOR seq_schedule_post, 3, '0')), '롤파크 직관부터 명동 L7 호텔까지 종로 정복', 120, '25만원', 'LCK 경기 관람 후 을지로 맛집 투어', 1200, NOW(), 0, 'user02');
INSERT INTO mydb.schedule_post (POST_ID, TITLE, LIKE_COUNT, BUDGET_DETAILS, TODO_DETAILS, VIEW_COUNT, POSTED_AT, IS_ANONYMOUS, USER_ID) VALUES (CONCAT('P', LPAD(NEXT VALUE FOR seq_schedule_post, 3, '0')), '노을캠핑장 불멍과 감성 호텔 호캉스 추천', 67, '20만원', '캠핑장 고기 파티와 영등포 루프탑 즐기기', 890, NOW(), 0, 'user03');
INSERT INTO mydb.schedule_post (POST_ID, TITLE, LIKE_COUNT, BUDGET_DETAILS, TODO_DETAILS, VIEW_COUNT, POSTED_AT, IS_ANONYMOUS, USER_ID) VALUES (CONCAT('P', LPAD(NEXT VALUE FOR seq_schedule_post, 3, '0')), '압구정 수상스키와 파르나스 호텔 1박 2일', 34, '80만원', '한강 수상레저 체험 및 호텔 다이닝', 410, NOW(), 1, 'user04');
INSERT INTO mydb.schedule_post (POST_ID, TITLE, LIKE_COUNT, BUDGET_DETAILS, TODO_DETAILS, VIEW_COUNT, POSTED_AT, IS_ANONYMOUS, USER_ID) VALUES (CONCAT('P', LPAD(NEXT VALUE FOR seq_schedule_post, 3, '0')), '사당청소년센터 실내 액티비티 가성비 코스', 21, '5만원', '실내 스포츠 즐기기 및 주변 분식 맛집', 150, NOW(), 0, 'user05');
INSERT INTO mydb.schedule_post (POST_ID, TITLE, LIKE_COUNT, BUDGET_DETAILS, TODO_DETAILS, VIEW_COUNT, POSTED_AT, IS_ANONYMOUS, USER_ID) VALUES (CONCAT('P', LPAD(NEXT VALUE FOR seq_schedule_post, 3, '0')), '이태원 텅앤그루브와 부티크 호텔의 만남', 56, '30만원', '이태원 프리미엄 고기 맛집과 호텔 스테이', 670, NOW(), 0, 'user06');
INSERT INTO mydb.schedule_post (POST_ID, TITLE, LIKE_COUNT, BUDGET_DETAILS, TODO_DETAILS, VIEW_COUNT, POSTED_AT, IS_ANONYMOUS, USER_ID) VALUES (CONCAT('P', LPAD(NEXT VALUE FOR seq_schedule_post, 3, '0')), '장충체육관 직관 후 즐기는 평양냉면 코스', 95, '12만원', '배구 경기 관람 및 장충동 미식 여행', 1050, NOW(), 1, 'user07');
INSERT INTO mydb.schedule_post (POST_ID, TITLE, LIKE_COUNT, BUDGET_DETAILS, TODO_DETAILS, VIEW_COUNT, POSTED_AT, IS_ANONYMOUS, USER_ID) VALUES (CONCAT('P', LPAD(NEXT VALUE FOR seq_schedule_post, 3, '0')), '성수동 멕시칼리와 힙한 건대 호텔 라이프', 73, '18만원', '타코 맛집 대기 성공 및 성수 쇼핑 투어', 920, NOW(), 0, 'user08');
INSERT INTO mydb.schedule_post (POST_ID, TITLE, LIKE_COUNT, BUDGET_DETAILS, TODO_DETAILS, VIEW_COUNT, POSTED_AT, IS_ANONYMOUS, USER_ID) VALUES (CONCAT('P', LPAD(NEXT VALUE FOR seq_schedule_post, 3, '0')), '특별한 날 추천! 남산 야경과 반얀트리 스파', 150, '120만원', '반얀트리 체크인 및 남산 타워 산책', 2100, NOW(), 0, 'user09');
INSERT INTO mydb.schedule_post (POST_ID, TITLE, LIKE_COUNT, BUDGET_DETAILS, TODO_DETAILS, VIEW_COUNT, POSTED_AT, IS_ANONYMOUS, USER_ID) VALUES (CONCAT('P', LPAD(NEXT VALUE FOR seq_schedule_post, 3, '0')), '장충체육관 배구 직관 후 즐기는 호캉스', 38, '22만원', '경기 관람 후 장충동 족발 먹고 호텔 투숙', 420, NOW(), 0, 'user07');
INSERT INTO mydb.schedule_post (POST_ID, TITLE, LIKE_COUNT, BUDGET_DETAILS, TODO_DETAILS, VIEW_COUNT, POSTED_AT, IS_ANONYMOUS, USER_ID) VALUES (CONCAT('P', LPAD(NEXT VALUE FOR seq_schedule_post, 3, '0')), '홍은동 북한산 자락길 무장애 산책로 탐방', 25, '8만원', '산책로 걷기 및 인근 베이커리 카페 방문', 280, NOW(), 0, 'user01');
INSERT INTO mydb.schedule_post (POST_ID, TITLE, LIKE_COUNT, BUDGET_DETAILS, TODO_DETAILS, VIEW_COUNT, POSTED_AT, IS_ANONYMOUS, USER_ID) VALUES (CONCAT('P', LPAD(NEXT VALUE FOR seq_schedule_post, 3, '0')), '삼성동 럭셔리 데이트: 카지노와 파르나스 다이닝', 52, '50만원', '카지노 구경 후 호텔 라운지에서 저녁 식사', 710, NOW(), 1, 'user10');
INSERT INTO mydb.schedule_post (POST_ID, TITLE, LIKE_COUNT, BUDGET_DETAILS, TODO_DETAILS, VIEW_COUNT, POSTED_AT, IS_ANONYMOUS, USER_ID) VALUES (CONCAT('P', LPAD(NEXT VALUE FOR seq_schedule_post, 3, '0')), '성북동 노포 맛집 부수기 (중국집 & 국수)', 89, '6만원', '옛날중국집 짜장면 시식 및 성북동 산책', 1150, NOW(), 0, 'user09');
INSERT INTO mydb.schedule_post (POST_ID, TITLE, LIKE_COUNT, BUDGET_DETAILS, TODO_DETAILS, VIEW_COUNT, POSTED_AT, IS_ANONYMOUS, USER_ID) VALUES (CONCAT('P', LPAD(NEXT VALUE FOR seq_schedule_post, 3, '0')), '여의도 둘레길 자전거 한 바퀴와 피크닉', 64, '4만원', '자전거 대여 라이딩 후 여의나루 치맥', 830, NOW(), 0, 'user03');
INSERT INTO mydb.schedule_post (POST_ID, TITLE, LIKE_COUNT, BUDGET_DETAILS, TODO_DETAILS, VIEW_COUNT, POSTED_AT, IS_ANONYMOUS, USER_ID) VALUES (CONCAT('P', LPAD(NEXT VALUE FOR seq_schedule_post, 3, '0')), '남산 아래 이태원 고급 파인다이닝 코스', 110, '35만원', '라 쿠치나 코스 요리와 부티크 호텔 스테이', 1520, NOW(), 0, 'user06');
INSERT INTO mydb.schedule_post (POST_ID, TITLE, LIKE_COUNT, BUDGET_DETAILS, TODO_DETAILS, VIEW_COUNT, POSTED_AT, IS_ANONYMOUS, USER_ID) VALUES (CONCAT('P', LPAD(NEXT VALUE FOR seq_schedule_post, 3, '0')), 'MZ 성지 건대 힙플 투어와 가성비 호텔', 47, '12만원', '커먼그라운드 쇼핑 및 건대 맛집 탐방', 660, NOW(), 0, 'user08');
INSERT INTO mydb.schedule_post (POST_ID, TITLE, LIKE_COUNT, BUDGET_DETAILS, TODO_DETAILS, VIEW_COUNT, POSTED_AT, IS_ANONYMOUS, USER_ID) VALUES (CONCAT('P', LPAD(NEXT VALUE FOR seq_schedule_post, 3, '0')), 'LCK 직관하고 즐기는 만리지화 한정식', 76, '18만원', '이스포츠 관람 후 부모님과 식사하기 좋은 곳', 980, NOW(), 0, 'user02');

SELECT * FROM mydb.schedule_post ORDER BY POST_ID;

-- 8. 방문지 더미데이터
INSERT INTO mydb.visit_item (VISIT_ITEM_ID, VISIT_ORDER, DISTANCE_TO_NEXT, PLACE_ID, SCHEDULE_ID, SCHEDULE_TYPE) VALUES (NEXT VALUE FOR seq_visit_item, 1, 5, '1', 'SCH001', 'SCHEDULE');
INSERT INTO mydb.visit_item (VISIT_ITEM_ID, VISIT_ORDER, DISTANCE_TO_NEXT, PLACE_ID, SCHEDULE_ID, SCHEDULE_TYPE) VALUES (NEXT VALUE FOR seq_visit_item, 2, 8, '21', 'SCH001', 'SCHEDULE');
INSERT INTO mydb.visit_item (VISIT_ITEM_ID, VISIT_ORDER, DISTANCE_TO_NEXT, PLACE_ID, SCHEDULE_ID, SCHEDULE_TYPE) VALUES (NEXT VALUE FOR seq_visit_item, 3, 0, '51', 'SCH001', 'SCHEDULE');
INSERT INTO mydb.visit_item (VISIT_ITEM_ID, VISIT_ORDER, DISTANCE_TO_NEXT, PLACE_ID, SCHEDULE_ID, SCHEDULE_TYPE) VALUES (NEXT VALUE FOR seq_visit_item, 1, 3, '2', 'SCH002', 'SCHEDULE');
INSERT INTO mydb.visit_item (VISIT_ITEM_ID, VISIT_ORDER, DISTANCE_TO_NEXT, PLACE_ID, SCHEDULE_ID, SCHEDULE_TYPE) VALUES (NEXT VALUE FOR seq_visit_item, 2, 4, '22', 'SCH002', 'SCHEDULE');
INSERT INTO mydb.visit_item (VISIT_ITEM_ID, VISIT_ORDER, DISTANCE_TO_NEXT, PLACE_ID, SCHEDULE_ID, SCHEDULE_TYPE) VALUES (NEXT VALUE FOR seq_visit_item, 3, 0, '41', 'SCH002', 'SCHEDULE');
INSERT INTO mydb.visit_item (VISIT_ITEM_ID, VISIT_ORDER, DISTANCE_TO_NEXT, PLACE_ID, SCHEDULE_ID, SCHEDULE_TYPE) VALUES (NEXT VALUE FOR seq_visit_item, 1, 7, '11', 'SCH005', 'SCHEDULE');
INSERT INTO mydb.visit_item (VISIT_ITEM_ID, VISIT_ORDER, DISTANCE_TO_NEXT, PLACE_ID, SCHEDULE_ID, SCHEDULE_TYPE) VALUES (NEXT VALUE FOR seq_visit_item, 2, 2, '29', 'SCH005', 'SCHEDULE');
INSERT INTO mydb.visit_item (VISIT_ITEM_ID, VISIT_ORDER, DISTANCE_TO_NEXT, PLACE_ID, SCHEDULE_ID, SCHEDULE_TYPE) VALUES (NEXT VALUE FOR seq_visit_item, 3, 0, '50', 'SCH005', 'SCHEDULE');
INSERT INTO mydb.visit_item (VISIT_ITEM_ID, VISIT_ORDER, DISTANCE_TO_NEXT, PLACE_ID, SCHEDULE_ID, SCHEDULE_TYPE) VALUES (NEXT VALUE FOR seq_visit_item, 1, 1, '15', 'SCH009', 'SCHEDULE');
INSERT INTO mydb.visit_item (VISIT_ITEM_ID, VISIT_ORDER, DISTANCE_TO_NEXT, PLACE_ID, SCHEDULE_ID, SCHEDULE_TYPE) VALUES (NEXT VALUE FOR seq_visit_item, 1, 2, '9', 'SCH003', 'SCHEDULE');
INSERT INTO mydb.visit_item (VISIT_ITEM_ID, VISIT_ORDER, DISTANCE_TO_NEXT, PLACE_ID, SCHEDULE_ID, SCHEDULE_TYPE) VALUES (NEXT VALUE FOR seq_visit_item, 2, 4, '24', 'SCH003', 'SCHEDULE');
INSERT INTO mydb.visit_item (VISIT_ITEM_ID, VISIT_ORDER, DISTANCE_TO_NEXT, PLACE_ID, SCHEDULE_ID, SCHEDULE_TYPE) VALUES (NEXT VALUE FOR seq_visit_item, 3, 0, '56', 'SCH003', 'SCHEDULE');
INSERT INTO mydb.visit_item (VISIT_ITEM_ID, VISIT_ORDER, DISTANCE_TO_NEXT, PLACE_ID, SCHEDULE_ID, SCHEDULE_TYPE) VALUES (NEXT VALUE FOR seq_visit_item, 1, 6, '4', 'SCH004', 'SCHEDULE');
INSERT INTO mydb.visit_item (VISIT_ITEM_ID, VISIT_ORDER, DISTANCE_TO_NEXT, PLACE_ID, SCHEDULE_ID, SCHEDULE_TYPE) VALUES (NEXT VALUE FOR seq_visit_item, 2, 4, '31', 'SCH004', 'SCHEDULE');
INSERT INTO mydb.visit_item (VISIT_ITEM_ID, VISIT_ORDER, DISTANCE_TO_NEXT, PLACE_ID, SCHEDULE_ID, SCHEDULE_TYPE) VALUES (NEXT VALUE FOR seq_visit_item, 3, 0, '57', 'SCH004', 'SCHEDULE');
INSERT INTO mydb.visit_item (VISIT_ITEM_ID, VISIT_ORDER, DISTANCE_TO_NEXT, PLACE_ID, SCHEDULE_ID, SCHEDULE_TYPE) VALUES (NEXT VALUE FOR seq_visit_item, 1, 5, '13', 'SCH006', 'SCHEDULE');
INSERT INTO mydb.visit_item (VISIT_ITEM_ID, VISIT_ORDER, DISTANCE_TO_NEXT, PLACE_ID, SCHEDULE_ID, SCHEDULE_TYPE) VALUES (NEXT VALUE FOR seq_visit_item, 2, 0, '40', 'SCH006', 'SCHEDULE');
INSERT INTO mydb.visit_item (VISIT_ITEM_ID, VISIT_ORDER, DISTANCE_TO_NEXT, PLACE_ID, SCHEDULE_ID, SCHEDULE_TYPE) VALUES (NEXT VALUE FOR seq_visit_item, 1, 5, '1', 'P001', 'POST');
INSERT INTO mydb.visit_item (VISIT_ITEM_ID, VISIT_ORDER, DISTANCE_TO_NEXT, PLACE_ID, SCHEDULE_ID, SCHEDULE_TYPE) VALUES (NEXT VALUE FOR seq_visit_item, 2, 8, '21', 'P001', 'POST');
INSERT INTO mydb.visit_item (VISIT_ITEM_ID, VISIT_ORDER, DISTANCE_TO_NEXT, PLACE_ID, SCHEDULE_ID, SCHEDULE_TYPE) VALUES (NEXT VALUE FOR seq_visit_item, 3, 0, '51', 'P001', 'POST');
INSERT INTO mydb.visit_item (VISIT_ITEM_ID, VISIT_ORDER, DISTANCE_TO_NEXT, PLACE_ID, SCHEDULE_ID, SCHEDULE_TYPE) VALUES (NEXT VALUE FOR seq_visit_item, 1, 3, '2', 'P002', 'POST');
INSERT INTO mydb.visit_item (VISIT_ITEM_ID, VISIT_ORDER, DISTANCE_TO_NEXT, PLACE_ID, SCHEDULE_ID, SCHEDULE_TYPE) VALUES (NEXT VALUE FOR seq_visit_item, 2, 4, '22', 'P002', 'POST');
INSERT INTO mydb.visit_item (VISIT_ITEM_ID, VISIT_ORDER, DISTANCE_TO_NEXT, PLACE_ID, SCHEDULE_ID, SCHEDULE_TYPE) VALUES (NEXT VALUE FOR seq_visit_item, 3, 0, '41', 'P002', 'POST');
INSERT INTO mydb.visit_item (VISIT_ITEM_ID, VISIT_ORDER, DISTANCE_TO_NEXT, PLACE_ID, SCHEDULE_ID, SCHEDULE_TYPE) VALUES (NEXT VALUE FOR seq_visit_item, 1, 2, '9', 'P003', 'POST');
INSERT INTO mydb.visit_item (VISIT_ITEM_ID, VISIT_ORDER, DISTANCE_TO_NEXT, PLACE_ID, SCHEDULE_ID, SCHEDULE_TYPE) VALUES (NEXT VALUE FOR seq_visit_item, 2, 0, '24', 'P003', 'POST');
INSERT INTO mydb.visit_item (VISIT_ITEM_ID, VISIT_ORDER, DISTANCE_TO_NEXT, PLACE_ID, SCHEDULE_ID, SCHEDULE_TYPE) VALUES (NEXT VALUE FOR seq_visit_item, 1, 6, '4', 'P004', 'POST');
INSERT INTO mydb.visit_item (VISIT_ITEM_ID, VISIT_ORDER, DISTANCE_TO_NEXT, PLACE_ID, SCHEDULE_ID, SCHEDULE_TYPE) VALUES (NEXT VALUE FOR seq_visit_item, 2, 0, '57', 'P004', 'POST');
INSERT INTO mydb.visit_item (VISIT_ITEM_ID, VISIT_ORDER, DISTANCE_TO_NEXT, PLACE_ID, SCHEDULE_ID, SCHEDULE_TYPE) VALUES (NEXT VALUE FOR seq_visit_item, 1, 7, '11', 'P005', 'POST');
INSERT INTO mydb.visit_item (VISIT_ITEM_ID, VISIT_ORDER, DISTANCE_TO_NEXT, PLACE_ID, SCHEDULE_ID, SCHEDULE_TYPE) VALUES (NEXT VALUE FOR seq_visit_item, 2, 2, '29', 'P005', 'POST');
INSERT INTO mydb.visit_item (VISIT_ITEM_ID, VISIT_ORDER, DISTANCE_TO_NEXT, PLACE_ID, SCHEDULE_ID, SCHEDULE_TYPE) VALUES (NEXT VALUE FOR seq_visit_item, 3, 0, '50', 'P005', 'POST');
INSERT INTO mydb.visit_item (VISIT_ITEM_ID, VISIT_ORDER, DISTANCE_TO_NEXT, PLACE_ID, SCHEDULE_ID, SCHEDULE_TYPE) VALUES (NEXT VALUE FOR seq_visit_item, 1, 5, '3', 'P006', 'POST');
INSERT INTO mydb.visit_item (VISIT_ITEM_ID, VISIT_ORDER, DISTANCE_TO_NEXT, PLACE_ID, SCHEDULE_ID, SCHEDULE_TYPE) VALUES (NEXT VALUE FOR seq_visit_item, 2, 0, '40', 'P006', 'POST');
INSERT INTO mydb.visit_item (VISIT_ITEM_ID, VISIT_ORDER, DISTANCE_TO_NEXT, PLACE_ID, SCHEDULE_ID, SCHEDULE_TYPE) VALUES (NEXT VALUE FOR seq_visit_item, 1, 2, '30', 'P007', 'POST');
INSERT INTO mydb.visit_item (VISIT_ITEM_ID, VISIT_ORDER, DISTANCE_TO_NEXT, PLACE_ID, SCHEDULE_ID, SCHEDULE_TYPE) VALUES (NEXT VALUE FOR seq_visit_item, 2, 0, '43', 'P007', 'POST');
INSERT INTO mydb.visit_item (VISIT_ITEM_ID, VISIT_ORDER, DISTANCE_TO_NEXT, PLACE_ID, SCHEDULE_ID, SCHEDULE_TYPE) VALUES (NEXT VALUE FOR seq_visit_item, 1, 2, '6', 'P008', 'POST');
INSERT INTO mydb.visit_item (VISIT_ITEM_ID, VISIT_ORDER, DISTANCE_TO_NEXT, PLACE_ID, SCHEDULE_ID, SCHEDULE_TYPE) VALUES (NEXT VALUE FOR seq_visit_item, 2, 1, '36', 'P008', 'POST');
INSERT INTO mydb.visit_item (VISIT_ITEM_ID, VISIT_ORDER, DISTANCE_TO_NEXT, PLACE_ID, SCHEDULE_ID, SCHEDULE_TYPE) VALUES (NEXT VALUE FOR seq_visit_item, 3, 0, '49', 'P008', 'POST');
INSERT INTO mydb.visit_item (VISIT_ITEM_ID, VISIT_ORDER, DISTANCE_TO_NEXT, PLACE_ID, SCHEDULE_ID, SCHEDULE_TYPE) VALUES (NEXT VALUE FOR seq_visit_item, 1, 3, '26', 'P009', 'POST');
INSERT INTO mydb.visit_item (VISIT_ITEM_ID, VISIT_ORDER, DISTANCE_TO_NEXT, PLACE_ID, SCHEDULE_ID, SCHEDULE_TYPE) VALUES (NEXT VALUE FOR seq_visit_item, 2, 0, '56', 'P009', 'POST');
INSERT INTO mydb.visit_item (VISIT_ITEM_ID, VISIT_ORDER, DISTANCE_TO_NEXT, PLACE_ID, SCHEDULE_ID, SCHEDULE_TYPE) VALUES (NEXT VALUE FOR seq_visit_item, 1, 4, '35', 'P010', 'POST');
INSERT INTO mydb.visit_item (VISIT_ITEM_ID, VISIT_ORDER, DISTANCE_TO_NEXT, PLACE_ID, SCHEDULE_ID, SCHEDULE_TYPE) VALUES (NEXT VALUE FOR seq_visit_item, 2, 0, '49', 'P010', 'POST');
INSERT INTO mydb.visit_item (VISIT_ITEM_ID, VISIT_ORDER, DISTANCE_TO_NEXT, PLACE_ID, SCHEDULE_ID, SCHEDULE_TYPE) VALUES (NEXT VALUE FOR seq_visit_item, 1, 2, '6', 'P011', 'POST');
INSERT INTO mydb.visit_item (VISIT_ITEM_ID, VISIT_ORDER, DISTANCE_TO_NEXT, PLACE_ID, SCHEDULE_ID, SCHEDULE_TYPE) VALUES (NEXT VALUE FOR seq_visit_item, 2, 1, '36', 'P011', 'POST');
INSERT INTO mydb.visit_item (VISIT_ITEM_ID, VISIT_ORDER, DISTANCE_TO_NEXT, PLACE_ID, SCHEDULE_ID, SCHEDULE_TYPE) VALUES (NEXT VALUE FOR seq_visit_item, 3, 0, '55', 'P011', 'POST');
INSERT INTO mydb.visit_item (VISIT_ITEM_ID, VISIT_ORDER, DISTANCE_TO_NEXT, PLACE_ID, SCHEDULE_ID, SCHEDULE_TYPE) VALUES (NEXT VALUE FOR seq_visit_item, 1, 3, '1', 'P012', 'POST');
INSERT INTO mydb.visit_item (VISIT_ITEM_ID, VISIT_ORDER, DISTANCE_TO_NEXT, PLACE_ID, SCHEDULE_ID, SCHEDULE_TYPE) VALUES (NEXT VALUE FOR seq_visit_item, 2, 0, '51', 'P012', 'POST');
INSERT INTO mydb.visit_item (VISIT_ITEM_ID, VISIT_ORDER, DISTANCE_TO_NEXT, PLACE_ID, SCHEDULE_ID, SCHEDULE_TYPE) VALUES (NEXT VALUE FOR seq_visit_item, 1, 1, '18', 'P013', 'POST');
INSERT INTO mydb.visit_item (VISIT_ITEM_ID, VISIT_ORDER, DISTANCE_TO_NEXT, PLACE_ID, SCHEDULE_ID, SCHEDULE_TYPE) VALUES (NEXT VALUE FOR seq_visit_item, 2, 0, '50', 'P013', 'POST');
INSERT INTO mydb.visit_item (VISIT_ITEM_ID, VISIT_ORDER, DISTANCE_TO_NEXT, PLACE_ID, SCHEDULE_ID, SCHEDULE_TYPE) VALUES (NEXT VALUE FOR seq_visit_item, 1, 1, '32', 'P014', 'POST');
INSERT INTO mydb.visit_item (VISIT_ITEM_ID, VISIT_ORDER, DISTANCE_TO_NEXT, PLACE_ID, SCHEDULE_ID, SCHEDULE_TYPE) VALUES (NEXT VALUE FOR seq_visit_item, 2, 2, '37', 'P014', 'POST');
INSERT INTO mydb.visit_item (VISIT_ITEM_ID, VISIT_ORDER, DISTANCE_TO_NEXT, PLACE_ID, SCHEDULE_ID, SCHEDULE_TYPE) VALUES (NEXT VALUE FOR seq_visit_item, 3, 0, '47', 'P014', 'POST');
INSERT INTO mydb.visit_item (VISIT_ITEM_ID, VISIT_ORDER, DISTANCE_TO_NEXT, PLACE_ID, SCHEDULE_ID, SCHEDULE_TYPE) VALUES (NEXT VALUE FOR seq_visit_item, 1, 2, '12', 'P015', 'POST');
INSERT INTO mydb.visit_item (VISIT_ITEM_ID, VISIT_ORDER, DISTANCE_TO_NEXT, PLACE_ID, SCHEDULE_ID, SCHEDULE_TYPE) VALUES (NEXT VALUE FOR seq_visit_item, 2, 5, '8', 'P015', 'POST');
INSERT INTO mydb.visit_item (VISIT_ITEM_ID, VISIT_ORDER, DISTANCE_TO_NEXT, PLACE_ID, SCHEDULE_ID, SCHEDULE_TYPE) VALUES (NEXT VALUE FOR seq_visit_item, 3, 0, '41', 'P015', 'POST');
INSERT INTO mydb.visit_item (VISIT_ITEM_ID, VISIT_ORDER, DISTANCE_TO_NEXT, PLACE_ID, SCHEDULE_ID, SCHEDULE_TYPE) VALUES (NEXT VALUE FOR seq_visit_item, 1, 2, '27', 'P016', 'POST');
INSERT INTO mydb.visit_item (VISIT_ITEM_ID, VISIT_ORDER, DISTANCE_TO_NEXT, PLACE_ID, SCHEDULE_ID, SCHEDULE_TYPE) VALUES (NEXT VALUE FOR seq_visit_item, 2, 0, '43', 'P016', 'POST');
INSERT INTO mydb.visit_item (VISIT_ITEM_ID, VISIT_ORDER, DISTANCE_TO_NEXT, PLACE_ID, SCHEDULE_ID, SCHEDULE_TYPE) VALUES (NEXT VALUE FOR seq_visit_item, 1, 3, '25', 'P017', 'POST');
INSERT INTO mydb.visit_item (VISIT_ITEM_ID, VISIT_ORDER, DISTANCE_TO_NEXT, PLACE_ID, SCHEDULE_ID, SCHEDULE_TYPE) VALUES (NEXT VALUE FOR seq_visit_item, 2, 0, '56', 'P017', 'POST');
INSERT INTO mydb.visit_item (VISIT_ITEM_ID, VISIT_ORDER, DISTANCE_TO_NEXT, PLACE_ID, SCHEDULE_ID, SCHEDULE_TYPE) VALUES (NEXT VALUE FOR seq_visit_item, 1, 1, '9', 'P018', 'POST');
INSERT INTO mydb.visit_item (VISIT_ITEM_ID, VISIT_ORDER, DISTANCE_TO_NEXT, PLACE_ID, SCHEDULE_ID, SCHEDULE_TYPE) VALUES (NEXT VALUE FOR seq_visit_item, 2, 2, '24', 'P018', 'POST');
INSERT INTO mydb.visit_item (VISIT_ITEM_ID, VISIT_ORDER, DISTANCE_TO_NEXT, PLACE_ID, SCHEDULE_ID, SCHEDULE_TYPE) VALUES (NEXT VALUE FOR seq_visit_item, 3, 0, '42', 'P018', 'POST');

-- 9. 일정 공유 사용자 (SCHEDULE_SHARE_USER)
INSERT INTO mydb.schedule_share_user (PERMISSION, MY_SCHEDULE_ID, SHARED_USER_ID) VALUES ('R', 'SCH001', 'user02');
INSERT INTO mydb.schedule_share_user (PERMISSION, MY_SCHEDULE_ID, SHARED_USER_ID) VALUES ('W', 'SCH002', 'user03');
INSERT INTO mydb.schedule_share_user (PERMISSION, MY_SCHEDULE_ID, SHARED_USER_ID) VALUES ('R', 'SCH003', 'user01');
INSERT INTO mydb.schedule_share_user (PERMISSION, MY_SCHEDULE_ID, SHARED_USER_ID) VALUES ('W', 'SCH004', 'user05');
INSERT INTO mydb.schedule_share_user (PERMISSION, MY_SCHEDULE_ID, SHARED_USER_ID) VALUES ('R', 'SCH005', 'user01');
INSERT INTO mydb.schedule_share_user (PERMISSION, MY_SCHEDULE_ID, SHARED_USER_ID) VALUES ('R', 'SCH006', 'user07');
INSERT INTO mydb.schedule_share_user (PERMISSION, MY_SCHEDULE_ID, SHARED_USER_ID) VALUES ('W', 'SCH007', 'user08');
INSERT INTO mydb.schedule_share_user (PERMISSION, MY_SCHEDULE_ID, SHARED_USER_ID) VALUES ('R', 'SCH008', 'user09');
INSERT INTO mydb.schedule_share_user (PERMISSION, MY_SCHEDULE_ID, SHARED_USER_ID) VALUES ('W', 'SCH009', 'user02');
INSERT INTO mydb.schedule_share_user (PERMISSION, MY_SCHEDULE_ID, SHARED_USER_ID) VALUES ('R', 'SCH010', 'user04');

SELECT * FROM mydb.schedule_share_user;